{
  "scenario": "city2018",
  "host": "localhost",
  "port": 12300,
  "scheduling": false,
  "timeout": 40000,
  "times": false,
  "notifications": false,
  "queued": false,
  "entities": [
    {"name": "connectionA1", "username": "agentA1", "password": "1", "iilang": false, "xml": false},
    {"name": "connectionA2", "username": "agentA2", "password": "1", "iilang": false, "xml": false},
    {"name": "connectionA3", "username": "agentA3", "password": "1", "iilang": false, "xml": false},
    {"name": "connectionA4", "username": "agentA4", "password": "1", "iilang": false, "xml": false},
    {"name": "connectionA5", "username": "agentA5", "password": "1", "iilang": false, "xml": false},
    {"name": "connectionA6", "username": "agentA6", "password": "1", "iilang": false, "xml": false},
    {"name": "connectionA7", "username": "agentA7", "password": "1", "iilang": false, "xml": false},
    {"name": "connectionA8", "username": "agentA8", "password": "1", "iilang": false, "xml": false},
    {"name": "connectionA9", "username": "agentA9", "password": "1", "iilang": false, "xml": false},
    {"name": "connectionA10", "username": "agentA10", "password": "1", "iilang": false, "xml": false},
    {"name": "connectionA11", "username": "agentA11", "password": "1", "iilang": false, "xml": false},
    {"name": "connectionA12", "username": "agentA12", "password": "1", "iilang": false, "xml": false},
    {"name": "connectionA13", "username": "agentA13", "password": "1", "iilang": false, "xml": false},
    {"name": "connectionA14", "username": "agentA14", "password": "1", "iilang": false, "xml": false},
    {"name": "connectionA15", "username": "agentA15", "password": "1", "iilang": false, "xml": false},
    {"name": "connectionA16", "username": "agentA16", "password": "1", "iilang": false, "xml": false},
    {"name": "connectionA17", "username": "agentA17", "password": "1", "iilang": false, "xml": false},
    {"name": "connectionA18", "username": "agentA18", "password": "1", "iilang": false, "xml": false},
    {"name": "connectionA19", "username": "agentA19", "password": "1", "iilang": false, "xml": false},
    {"name": "connectionA20", "username": "agentA20", "password": "1", "iilang": false, "xml": false},
    {"name": "connectionA21", "username": "agentA21", "password": "1", "iilang": false, "xml": false},
    {"name": "connectionA22", "username": "agentA22", "password": "1", "iilang": false, "xml": false},
    {"name": "connectionA23", "username": "agentA23", "password": "1", "iilang": false, "xml": false},
    {"name": "connectionA24", "username": "agentA24", "password": "1", "iilang": false, "xml": false},
    {"name": "connectionA25", "username": "agentA25", "password": "1", "iilang": false, "xml": false},
    {"name": "connectionA26", "username": "agentA26", "password": "1", "iilang": false, "xml": false},
    {"name": "connectionA27", "username": "agentA27", "password": "1", "iilang": false, "xml": false},
    {"name": "connectionA28", "username": "agentA28", "password": "1", "iilang": false, "xml": false},
    {"name": "connectionA29", "username": "agentA29", "password": "1", "iilang": false, "xml": false},
    {"name": "connectionA30", "username": "agentA30", "password": "1", "iilang": false, "xml": false},
    {"name": "connectionA31", "username": "agentA31", "password": "1", "iilang": false, "xml": false},
    {"name": "connectionA32", "username": "agentA32", "password": "1", "iilang": false, "xml": false},
    {"name": "connectionA33", "username": "agentA33", "password": "1", "iilang": false, "xml": false},
    {"name": "connectionA34", "username": "agentA34", "password": "1", "iilang": false, "xml": false}
  ]
}
