{
  "facilities" : {
    "quadSize" : 0.04,
    "chargingStations" : {
      "density" : 0.9,
      "rateMin" : 20,
      "rateMax" : 40
    },
    "shops" : {
      "density" : 0.8,
      "tradeModMin" : 1,
      "tradeModMax" : 4
    },
    "dumps" : {
      "density" : 0.6
    },
    "workshops" : {
      "density" : 0.6
    },
    "storage" : {
      "density" : 0.8,
      "capacityMin" : 7500,
      "capacityMax" : 15000
    },
    "resourceNodes" : {
      "density" : 0.7,
      "thresholdMin" : 10,
      "thresholdMax" : 20
    },
    "wells" : {
      "wellTypesMin" : 2,
      "wellTypesMax" : 5,
      "baseEfficiencyMin" : 1,
      "baseEfficiencyMax" : 5,
      "efficiencyIncreaseMin" : 1,
      "efficiencyIncreaseMax" : 5,
      "baseIntegrityMin" : 50,
      "baseIntegrityMax" : 100,
      "costFactor" : 100
    }
  },
  "items" : {
    "resourcesMin" : 4,
    "resourcesMax" : 6,
    "levelDecreaseMin" : 1,
    "levelDecreaseMax" : 2,
    "graphDepthMin" : 3,
    "graphDepthMax" : 4,
    "volMin" : 5,
    "volMax" : 10,
    "partsMin" : 2,
    "partsMax" : 8
  },
  "jobs" : {
    "jobProbability" : 0.2,
    "auctionProbability" : 0.1,
    "missionProbability" : 0.01,
    "jobDurationMin" : 50,
    "jobDurationMax" : 100,
    "rewardScale" : 5,
    "rewardModMin" : 100,
    "rewardModMax" : 200,
    "itemCountMin" : 2,
    "itemCountMax" : 10,
    "auctions" : {
      "auctionTime" : 5
    }
  }
}